subreddit,date,found_posts,filtered_posts,pct_filtered
gme,Jan20,0,0,0.0
gme,Feb20,0,0,0.0
gme,Mar20,0,0,0.0
gme,Apr20,0,0,0.0
gme,May20,0,0,0.0
gme,Jun20,0,0,0.0
gme,Jul20,0,0,0.0
gme,Aug20,0,0,0.0
gme,Sep20,0,0,0.0
gme,Oct20,1,0,0.0
gme,Nov20,0,0,0.0
gme,Dec20,19,0,0.0
gme,Jan21,1955,9,0.004603580562659846
gme,Feb21,11617,332,0.028578806920891795
gme,Mar21,17289,540,0.031233732431025507
gme,Apr21,8373,334,0.03989012301445121
gme,May21,4783,146,0.030524775245661717
gme,Jun21,3414,110,0.03222026947861746
gme,Jul21,2472,102,0.0412621359223301
gme,Aug21,1929,102,0.05287713841368585
gme,Sep21,1708,98,0.05737704918032788
gme,Oct21,1503,84,0.05588822355289421
gme,Nov21,1410,72,0.05106382978723404
investing,Jan20,2,0,0.0
investing,Feb20,5,0,0.0
investing,Mar20,10,0,0.0
investing,Apr20,15,3,0.2
investing,May20,5,0,0.0
investing,Jun20,5,1,0.2
investing,Jul20,3,1,0.3333333333333333
investing,Aug20,3,0,0.0
investing,Sep20,7,0,0.0
investing,Oct20,6,0,0.0
investing,Nov20,5,0,0.0
investing,Dec20,22,3,0.13636363636363635
investing,Jan21,854,22,0.02576112412177986
investing,Feb21,557,12,0.02154398563734291
investing,Mar21,54,2,0.037037037037037035
investing,Apr21,20,1,0.05
investing,May21,30,0,0.0
investing,Jun21,63,1,0.015873015873015872
investing,Jul21,24,1,0.04166666666666666
investing,Aug21,19,1,0.05263157894736842
investing,Sep21,8,0,0.0
investing,Oct21,19,2,0.10526315789473684
investing,Nov21,11,1,0.09090909090909091
options,Jan20,0,0,0.0
options,Feb20,1,0,0.0
options,Mar20,13,0,0.0
options,Apr20,11,1,0.09090909090909093
options,May20,3,0,0.0
options,Jun20,4,0,0.0
options,Jul20,0,0,0.0
options,Aug20,0,0,0.0
options,Sep20,18,0,0.0
options,Oct20,16,0,0.0
options,Nov20,15,1,0.06666666666666668
options,Dec20,35,2,0.057142857142857134
options,Jan21,631,23,0.036450079239302685
options,Feb21,381,19,0.049868766404199474
options,Mar21,165,8,0.048484848484848485
options,Apr21,67,2,0.02985074626865672
options,May21,56,5,0.08928571428571429
options,Jun21,77,3,0.03896103896103896
options,Jul21,36,2,0.05555555555555555
options,Aug21,39,3,0.07692307692307693
options,Sep21,35,2,0.057142857142857134
options,Oct21,21,3,0.14285714285714285
options,Nov21,62,4,0.06451612903225806
pennystocks,Jan20,0,0,0.0
pennystocks,Feb20,0,0,0.0
pennystocks,Mar20,2,0,0.0
pennystocks,Apr20,3,0,0.0
pennystocks,May20,0,0,0.0
pennystocks,Jun20,7,0,0.0
pennystocks,Jul20,2,1,0.5
pennystocks,Aug20,7,0,0.0
pennystocks,Sep20,11,0,0.0
pennystocks,Oct20,6,0,0.0
pennystocks,Nov20,2,0,0.0
pennystocks,Dec20,11,0,0.0
pennystocks,Jan21,341,8,0.02346041055718475
pennystocks,Feb21,252,2,0.007936507936507936
pennystocks,Mar21,33,1,0.030303030303030307
pennystocks,Apr21,18,0,0.0
pennystocks,May21,12,0,0.0
pennystocks,Jun21,29,0,0.0
pennystocks,Jul21,15,0,0.0
pennystocks,Aug21,8,0,0.0
pennystocks,Sep21,19,0,0.0
pennystocks,Oct21,5,0,0.0
pennystocks,Nov21,5,0,0.0
robinhood,Jan20,1,0,0.0
robinhood,Feb20,1,0,0.0
robinhood,Mar20,1,0,0.0
robinhood,Apr20,1,0,0.0
robinhood,May20,1,0,0.0
robinhood,Jun20,3,0,0.0
robinhood,Jul20,2,0,0.0
robinhood,Aug20,1,0,0.0
robinhood,Sep20,6,0,0.0
robinhood,Oct20,4,0,0.0
robinhood,Nov20,2,0,0.0
robinhood,Dec20,9,0,0.0
robinhood,Jan21,432,2,0.0046296296296296285
robinhood,Feb21,250,0,0.0
robinhood,Mar21,23,0,0.0
robinhood,Apr21,19,0,0.0
robinhood,May21,12,0,0.0
robinhood,Jun21,15,0,0.0
robinhood,Jul21,11,0,0.0
robinhood,Aug21,6,0,0.0
robinhood,Sep21,3,0,0.0
robinhood,Oct21,14,0,0.0
robinhood,Nov21,7,0,0.0
robinhoodpennystocks,Jan20,0,0,0.0
robinhoodpennystocks,Feb20,1,0,0.0
robinhoodpennystocks,Mar20,15,0,0.0
robinhoodpennystocks,Apr20,15,0,0.0
robinhoodpennystocks,May20,0,0,0.0
robinhoodpennystocks,Jun20,0,0,0.0
robinhoodpennystocks,Jul20,0,0,0.0
robinhoodpennystocks,Aug20,0,0,0.0
robinhoodpennystocks,Sep20,2,0,0.0
robinhoodpennystocks,Oct20,3,0,0.0
robinhoodpennystocks,Nov20,0,0,0.0
robinhoodpennystocks,Dec20,1,0,0.0
robinhoodpennystocks,Jan21,319,4,0.012539184952978056
robinhoodpennystocks,Feb21,191,6,0.031413612565445025
robinhoodpennystocks,Mar21,39,0,0.0
robinhoodpennystocks,Apr21,12,0,0.0
robinhoodpennystocks,May21,9,0,0.0
robinhoodpennystocks,Jun21,12,0,0.0
robinhoodpennystocks,Jul21,5,0,0.0
robinhoodpennystocks,Aug21,9,0,0.0
robinhoodpennystocks,Sep21,2,0,0.0
robinhoodpennystocks,Oct21,2,0,0.0
robinhoodpennystocks,Nov21,0,0,0.0
stockmarket,Jan20,1,0,0.0
stockmarket,Feb20,0,0,0.0
stockmarket,Mar20,8,1,0.125
stockmarket,Apr20,2,1,0.5
stockmarket,May20,2,0,0.0
stockmarket,Jun20,3,0,0.0
stockmarket,Jul20,2,0,0.0
stockmarket,Aug20,2,0,0.0
stockmarket,Sep20,12,0,0.0
stockmarket,Oct20,11,0,0.0
stockmarket,Nov20,3,0,0.0
stockmarket,Dec20,12,1,0.08333333333333333
stockmarket,Jan21,691,15,0.02170767004341534
stockmarket,Feb21,934,14,0.014989293361884369
stockmarket,Mar21,231,3,0.012987012987012988
stockmarket,Apr21,140,3,0.021428571428571432
stockmarket,May21,84,3,0.03571428571428571
stockmarket,Jun21,183,9,0.04918032786885247
stockmarket,Jul21,100,4,0.04
stockmarket,Aug21,63,3,0.047619047619047616
stockmarket,Sep21,44,5,0.11363636363636365
stockmarket,Oct21,50,1,0.02
stockmarket,Nov21,46,1,0.021739130434782608
stocks,Jan20,5,0,0.0
stocks,Feb20,5,0,0.0
stocks,Mar20,19,0,0.0
stocks,Apr20,8,0,0.0
stocks,May20,6,0,0.0
stocks,Jun20,8,0,0.0
stocks,Jul20,2,0,0.0
stocks,Aug20,4,0,0.0
stocks,Sep20,9,0,0.0
stocks,Oct20,22,0,0.0
stocks,Nov20,20,1,0.05
stocks,Dec20,69,6,0.08695652173913042
stocks,Jan21,1504,62,0.041223404255319146
stocks,Feb21,1524,69,0.04527559055118111
stocks,Mar21,231,26,0.11255411255411256
stocks,Apr21,130,7,0.05384615384615385
stocks,May21,125,6,0.048
stocks,Jun21,139,14,0.10071942446043164
stocks,Jul21,89,4,0.0449438202247191
stocks,Aug21,59,2,0.03389830508474576
stocks,Sep21,56,2,0.03571428571428571
stocks,Oct21,67,2,0.02985074626865672
stocks,Nov21,72,5,0.06944444444444445
thetagang,Jan20,0,0,0.0
thetagang,Feb20,0,0,0.0
thetagang,Mar20,0,0,0.0
thetagang,Apr20,0,0,0.0
thetagang,May20,0,0,0.0
thetagang,Jun20,1,0,0.0
thetagang,Jul20,0,0,0.0
thetagang,Aug20,1,0,0.0
thetagang,Sep20,3,0,0.0
thetagang,Oct20,9,1,0.1111111111111111
thetagang,Nov20,8,1,0.125
thetagang,Dec20,31,3,0.0967741935483871
thetagang,Jan21,227,15,0.06607929515418502
thetagang,Feb21,228,23,0.10087719298245612
thetagang,Mar21,84,2,0.023809523809523808
thetagang,Apr21,40,3,0.075
thetagang,May21,30,1,0.03333333333333333
thetagang,Jun21,35,3,0.08571428571428573
thetagang,Jul21,15,2,0.13333333333333333
thetagang,Aug21,24,2,0.08333333333333333
thetagang,Sep21,24,2,0.08333333333333333
thetagang,Oct21,12,3,0.25
thetagang,Nov21,12,0,0.0
wallstreetbets,Jan20,27,0,0.0
wallstreetbets,Feb20,37,1,0.027027027027027032
wallstreetbets,Mar20,119,7,0.05882352941176471
wallstreetbets,Apr20,85,1,0.011764705882352941
wallstreetbets,May20,15,1,0.06666666666666668
wallstreetbets,Jun20,59,3,0.05084745762711865
wallstreetbets,Jul20,13,0,0.0
wallstreetbets,Aug20,30,3,0.1
wallstreetbets,Sep20,171,12,0.07017543859649122
wallstreetbets,Oct20,572,56,0.0979020979020979
wallstreetbets,Nov20,500,26,0.052000000000000005
wallstreetbets,Dec20,1868,139,0.07441113490364026
wallstreetbets,Jan21,96745,1394,0.014409013385704687
wallstreetbets,Feb21,59674,939,0.015735496195998257
wallstreetbets,Mar21,15969,396,0.024798046214540674
wallstreetbets,Apr21,4682,141,0.030115335326783427
wallstreetbets,May21,3959,113,0.028542561252841624
wallstreetbets,Jun21,5233,164,0.031339575769157274
wallstreetbets,Jul21,1613,60,0.03719776813391197
wallstreetbets,Aug21,1265,47,0.03715415019762846
wallstreetbets,Sep21,1068,71,0.06647940074906368
wallstreetbets,Oct21,954,37,0.03878406708595388
wallstreetbets,Nov21,1155,43,0.03722943722943723
wallstreetbetsnew,Jan20,0,0,0.0
wallstreetbetsnew,Feb20,0,0,0.0
wallstreetbetsnew,Mar20,0,0,0.0
wallstreetbetsnew,Apr20,0,0,0.0
wallstreetbetsnew,May20,0,0,0.0
wallstreetbetsnew,Jun20,0,0,0.0
wallstreetbetsnew,Jul20,0,0,0.0
wallstreetbetsnew,Aug20,0,0,0.0
wallstreetbetsnew,Sep20,0,0,0.0
wallstreetbetsnew,Oct20,0,0,0.0
wallstreetbetsnew,Nov20,0,0,0.0
wallstreetbetsnew,Dec20,0,0,0.0
wallstreetbetsnew,Jan21,5901,31,0.0052533468903575645
wallstreetbetsnew,Feb21,4971,85,0.017099175216254276
wallstreetbetsnew,Mar21,1579,33,0.02089930335655478
wallstreetbetsnew,Apr21,695,21,0.030215827338129494
wallstreetbetsnew,May21,488,14,0.02868852459016393
wallstreetbetsnew,Jun21,544,9,0.016544117647058824
wallstreetbetsnew,Jul21,209,2,0.009569377990430622
wallstreetbetsnew,Aug21,103,2,0.019417475728155338
wallstreetbetsnew,Sep21,53,0,0.0
wallstreetbetsnew,Oct21,35,0,0.0
wallstreetbetsnew,Nov21,40,0,0.0
